date,action,ticker,units,price,gross,cost,cash_after
2018-01-01,BUY,MON100.NS,4130,48.4,199892.0,99.946,800008.054
2018-01-01,BUY,MOM100.NS,9169,21.8,199884.2,99.94210000000001,600023.9119
2018-01-01,BUY,JUNIORBEES.NS,633,315.5,199711.5,99.85575,400212.55614999996
2018-01-01,BUY,INFRABEES.NS,537,371.7,199602.9,99.80145,200509.85469999997
2018-01-01,BUY,CPSEETF.NS,6630,30.15,199894.5,99.94725,515.4074499999697
2018-01-22,SELL,CPSEETF.NS,6630,30.31,200955.3,100.47765,201370.22979999997
2018-01-22,SELL,INFRABEES.NS,537,373.73,200693.01,100.34650500000001,401962.89329499996
2018-01-22,BUY,BANKBEES.NS,732,274.16,200685.12000000002,100.34256000000002,201177.43073499994
2018-01-22,BUY,NIFTYBEES.NS,1779,112.88,200813.52,100.40675999999999,263.5039749999414
2018-01-29,SELL,JUNIORBEES.NS,633,314.21,198894.93,99.447465,199058.98650999993
2018-01-29,BUY,CPSEETF.NS,6415,31.01,198929.15000000002,99.46457500000001,30.37193499991554
2018-02-05,SELL,CPSEETF.NS,6415,29.68,190397.2,95.19860000000001,190332.37333499992
2018-02-05,BUY,GOLDBEES.NS,6999,27.18,190232.82,95.11641,4.436924999929033
2018-02-12,SELL,BANKBEES.NS,732,261.59,191483.87999999998,95.74193999999999,191392.5749849999
2018-02-12,BUY,CPSEETF.NS,6382,29.97,191268.53999999998,95.63426999999999,28.400714999908814
2018-03-12,SELL,CPSEETF.NS,6382,28.98,184950.36000000002,92.47518000000001,184886.28553499992
2018-03-12,BUY,LIQUIDBEES.NS,184,999.99,183998.16,91.99908,796.1264549999032
2018-04-02,SELL,MOM100.NS,9169,20.38,186864.22,93.43211000000001,187566.9143449999
2018-04-02,BUY,JUNIORBEES.NS,628,298.29,187326.12000000002,93.66306000000002,147.13128499989398
2018-05-07,SELL,JUNIORBEES.NS,628,305.34,191753.52,95.87675999999999,191804.77452499987
2018-05-07,BUY,BANKBEES.NS,733,261.4,191606.19999999998,95.80309999999999,102.77142499989714
2018-07-30,SELL,GOLDBEES.NS,6999,26.6,186173.40000000002,93.08670000000001,186183.0847249999
2018-07-30,SELL,LIQUIDBEES.NS,184,1000.0,184000.0,92.0,370091.0847249999
2018-07-30,BUY,PSUBNKBEES.NS,5149,35.92,184952.08000000002,92.47604000000001,185046.52868499988
2018-07-30,BUY,JUNIORBEES.NS,611,302.7,184949.69999999998,92.47484999999999,4.353834999899846
2018-08-06,SELL,MON100.NS,4130,58.37,241068.09999999998,120.53405,240951.9197849999
2018-08-06,BUY,MOM100.NS,11495,20.95,240820.25,120.41012500000001,11.259659999894211
2018-09-24,SELL,BANKBEES.NS,733,254.18,186313.94,93.15697,186232.0426899999
2018-09-24,SELL,PSUBNKBEES.NS,5149,30.46,156838.54,78.41927000000001,342992.1634199999
2018-09-24,SELL,JUNIORBEES.NS,611,285.93,174703.23,87.35161500000001,517608.0418049999
2018-09-24,BUY,GOLDBEES.NS,6307,27.34,172433.38,86.21669,345088.4451149999
2018-09-24,BUY,CPSEETF.NS,6391,26.98,172429.18,86.21459,172573.0505249999
2018-09-24,BUY,LIQUIDBEES.NS,172,1000.0,172000.0,86.0,487.05052499991143
2018-10-01,SELL,MOM100.NS,11495,18.76,215646.2,107.82310000000001,216025.4274249999
2018-10-01,BUY,BANKBEES.NS,835,258.31,215688.85,107.844425,228.73299999992014
2018-10-08,SELL,CPSEETF.NS,6391,24.04,153639.63999999998,76.81981999999999,153791.5531799999
2018-10-08,BUY,MOM100.NS,8313,18.49,153707.37,76.853685,7.329494999896269
2018-10-15,SELL,MOM100.NS,8313,18.8,156284.4,78.1422,156213.5872949999
2018-10-15,BUY,CPSEETF.NS,6168,25.31,156112.08,78.05604,23.45125499990536
2018-10-22,SELL,CPSEETF.NS,6168,24.73,152534.64,76.26732000000001,152481.8239349999
2018-10-22,BUY,MOM100.NS,7979,19.1,152398.90000000002,76.19945000000001,6.7244849998969585
2018-10-29,SELL,NIFTYBEES.NS,1779,107.17,190655.43,95.327715,190566.8267699999
2018-10-29,BUY,CPSEETF.NS,7537,25.27,190459.99,95.229995,11.60677499990561
2018-11-05,SELL,CPSEETF.NS,7537,24.92,187822.04,93.91102000000001,187739.7357549999
2018-11-05,SELL,MOM100.NS,7979,19.44,155111.76,77.55588,342773.9398749999
2018-11-05,BUY,PSUBNKBEES.NS,5155,33.23,171300.65,85.650325,171387.63954999993
2018-11-05,BUY,INFRABEES.NS,549,311.7,171123.3,85.56165,178.7778999999573
2018-11-12,SELL,BANKBEES.NS,835,260.83,217793.05,108.896525,217862.93137499996
2018-11-12,BUY,MOM100.NS,11053,19.7,217744.1,108.87205,9.959324999945238
2018-11-19,SELL,MOM100.NS,11053,19.21,212328.13,106.16406500000001,212231.92525999996
2018-11-19,BUY,BANKBEES.NS,789,268.78,212067.41999999998,106.03371,58.471549999987474
2018-12-03,SELL,GOLDBEES.NS,6307,27.26,171928.82,85.96441,171901.32714
2018-12-03,BUY,NIFTYBEES.NS,1509,113.8,171724.19999999998,85.8621,91.26504000002751
2018-12-10,SELL,PSUBNKBEES.NS,5155,31.19,160784.45,80.39222500000001,160795.32281500005
2018-12-10,BUY,GOLDBEES.NS,5719,28.1,160703.9,80.35195,11.07086500004516
2018-12-17,SELL,NIFTYBEES.NS,1509,113.64,171482.76,85.74138,171408.08948500006
2018-12-17,BUY,PSUBNKBEES.NS,5215,32.85,171312.75,85.656375,9.683110000070883
2018-12-31,SELL,LIQUIDBEES.NS,172,999.99,171998.28,85.99914,171921.96397000007
2018-12-31,BUY,JUNIORBEES.NS,590,290.77,171554.3,85.77714999999999,281.8868200000725
2019-01-07,SELL,JUNIORBEES.NS,590,285.5,168445.0,84.2225,168642.66432000007
2019-01-07,BUY,LIQUIDBEES.NS,168,999.99,167998.32,83.99916,560.3451600000553
2019-01-21,SELL,INFRABEES.NS,549,312.97,171820.53000000003,85.91026500000001,172294.96489500007
2019-01-21,BUY,NIFTYBEES.NS,1504,114.48,172177.92,86.08896000000001,30.95593500006362
2019-02-18,SELL,PSUBNKBEES.NS,5215,29.51,153894.65,76.94732499999999,153848.65861000007
2019-02-18,BUY,INFRABEES.NS,524,293.16,153615.84000000003,76.80792000000001,156.01069000005373
2019-03-05,SELL,INFRABEES.NS,524,304.43,159521.32,79.76066,159597.57003000006
2019-03-05,BUY,CPSEETF.NS,6192,25.76,159505.92,79.75296,11.897070000035455
2019-03-11,SELL,LIQUIDBEES.NS,168,999.99,167998.32,83.99916,167926.21791000004
2019-03-11,BUY,PSUBNKBEES.NS,5055,33.2,167826.0,83.913,16.304910000035306
2019-03-18,SELL,GOLDBEES.NS,5719,28.11,160761.09,80.380545,160697.01436500004
2019-03-18,BUY,INFRABEES.NS,492,325.88,160332.96,80.16647999999999,283.88788500003284
2019-04-30,SELL,INFRABEES.NS,492,323.18,159004.56,79.50228,159208.94560500004
2019-04-30,BUY,MON100.NS,2931,54.29,159123.99,79.561995,5.393610000057379
2019-05-06,SELL,PSUBNKBEES.NS,5055,33.7,170353.5,85.17675,170273.71686000004
2019-05-06,BUY,INFRABEES.NS,531,320.36,170111.16,85.05558,77.50128000005498
2019-05-13,SELL,INFRABEES.NS,531,304.64,161763.84,80.88192,161760.45936000004
2019-05-13,BUY,PSUBNKBEES.NS,5085,31.79,161652.15,80.826075,27.483285000053
2019-05-20,SELL,PSUBNKBEES.NS,5085,35.13,178636.05000000002,89.318025,178574.21526000008
2019-05-20,BUY,LIQUIDBEES.NS,178,999.99,177998.22,88.99911,486.99615000007907
2019-05-27,SELL,MON100.NS,2931,50.47,147927.57,73.963785,148340.6023650001
2019-05-27,SELL,LIQUIDBEES.NS,178,1000.0,178000.0,89.0,326251.60236500006
2019-05-27,BUY,PSUBNKBEES.NS,4357,37.42,163038.94,81.51947,163131.14289500006
2019-05-27,BUY,INFRABEES.NS,470,346.48,162845.6,81.42280000000001,204.12009500004933
2019-06-10,SELL,PSUBNKBEES.NS,4357,33.83,147397.31,73.698655,147527.73144000006
2019-06-10,BUY,NIF100BEES.NS,1195,123.39,147451.05,73.72552499999999,2.9559150000859518
2019-06-24,SELL,NIF100BEES.NS,1195,121.03,144630.85,72.315425,144561.49049000008
2019-06-24,BUY,MON100.NS,2705,53.4,144447.0,72.2235,42.26699000009103
2019-07-08,SELL,NIFTYBEES.NS,1504,121.94,183397.76,91.69888,183348.3281100001
2019-07-08,BUY,PSUBNKBEES.NS,5347,34.27,183241.69,91.620845,15.017265000089537
2019-07-15,SELL,CPSEETF.NS,6192,25.97,160806.24,80.40312,160740.85414500008
2019-07-15,BUY,GOLDBEES.NS,5264,30.52,160657.28,80.32864000000001,3.2455050000862684
2019-07-22,SELL,PSUBNKBEES.NS,5347,33.08,176878.75999999998,88.43937999999999,176793.56612500007
2019-07-22,BUY,NIFTYBEES.NS,1473,119.9,176612.7,88.30635000000001,92.55977500005974
2019-07-29,SELL,NIFTYBEES.NS,1473,118.36,174344.28,87.17214,174349.66763500005
2019-07-29,BUY,LIQUIDBEES.NS,174,1000.0,174000.0,87.0,262.6676350000489
2019-08-05,SELL,BANKBEES.NS,789,282.46,222860.93999999997,111.43046999999999,223012.17716500003
2019-08-05,BUY,NIFTYBEES.NS,1935,115.15,222815.25,111.407625,85.51954000003752
2019-08-13,SELL,NIFTYBEES.NS,1935,115.76,223995.6,111.99780000000001,223969.12174000003
2019-08-13,BUY,NIF100BEES.NS,1971,113.54,223787.34000000003,111.89367000000001,69.88807000001543
2019-08-19,SELL,INFRABEES.NS,470,314.98,148040.6,74.0203,148036.46777000002
2019-08-19,SELL,NIF100BEES.NS,1971,115.18,227019.78000000003,113.50989000000001,374942.73788000003
2019-08-19,BUY,NIFTYBEES.NS,1599,117.13,187290.87,93.645435,187558.22244500002
2019-08-19,BUY,JUNIORBEES.NS,695,269.43,187253.85,93.626925,210.74552000002586
2019-08-26,SELL,JUNIORBEES.NS,695,267.85,186155.75000000003,93.07787500000002,186273.41764500007
2019-08-26,BUY,INFRABEES.NS,597,311.47,185947.59000000003,92.97379500000001,232.85385000004317
2019-09-03,SELL,INFRABEES.NS,597,303.93,181446.21,90.723105,181588.34074500002
2019-09-03,BUY,JUNIORBEES.NS,676,268.39,181431.63999999998,90.71582,65.98492500002612
2019-09-09,SELL,NIFTYBEES.NS,1599,116.43,186171.57,93.085785,186144.46914000003
2019-09-09,BUY,DIVOPPBEES.NS,6411,29.02,186047.22,93.02361,4.225530000025174
2019-09-16,SELL,DIVOPPBEES.NS,6411,28.8,184636.80000000002,92.31840000000001,184548.70713000005
2019-09-16,BUY,INFRABEES.NS,583,316.07,184268.81,92.134405,187.76272500006598
2019-09-23,SELL,INFRABEES.NS,583,333.0,194139.0,97.0695,194229.69322500005
2019-09-23,BUY,NIFTYBEES.NS,1578,123.0,194094.0,97.047,38.64622500006226
2019-09-30,SELL,NIFTYBEES.NS,1578,121.57,191837.46,95.91873,191780.18749500005
2019-09-30,SELL,LIQUIDBEES.NS,174,1000.0,174000.0,87.0,365693.1874950001
2019-09-30,BUY,INFRABEES.NS,542,336.88,182588.96,91.29448,183012.93301500008
2019-09-30,BUY,BANKBEES.NS,612,298.18,182486.16,91.24308,435.52993500008597
2019-10-07,SELL,BANKBEES.NS,612,283.33,173397.96,86.69897999999999,173746.7909550001
2019-10-07,BUY,LIQUIDBEES.NS,173,1000.0,173000.0,86.5,660.2909550000913
2019-10-14,SELL,JUNIORBEES.NS,676,278.05,187961.80000000002,93.9809,188528.1100550001
2019-10-14,BUY,NIFTYBEES.NS,1571,119.89,188347.19,94.173595,86.74646000011126
2019-10-22,SELL,LIQUIDBEES.NS,173,999.99,172998.27,86.499135,172998.5173250001
2019-10-22,BUY,JUNIORBEES.NS,594,290.8,172735.2,86.36760000000001,176.94972500010044
2019-10-29,SELL,INFRABEES.NS,542,340.15,184361.3,92.18065,184446.0690750001
2019-11-04,BUY,INFRABEES.NS,538,342.6,184318.80000000002,92.1594,35.10967500007246
2019-11-11,SELL,INFRABEES.NS,538,336.88,181241.44,90.62072,181185.92895500007
2019-11-11,BUY,BANKBEES.NS,572,316.5,181038.0,90.519,57.409955000068294
2019-12-02,SELL,GOLDBEES.NS,5264,33.41,175870.24,87.93512,175839.71483500005
2019-12-02,BUY,INFRABEES.NS,509,344.81,175508.29,87.75414500000001,243.67069000002812
2019-12-09,SELL,INFRABEES.NS,509,334.01,170011.09,85.005545,170169.75514500003
2019-12-09,BUY,GOLDBEES.NS,5116,33.24,170055.84,85.02792,28.887225000042235
2019-12-16,SELL,GOLDBEES.NS,5116,33.44,171079.03999999998,85.53952,171022.38770500003
2019-12-16,BUY,MOM100.NS,9635,17.74,170924.9,85.46245,12.025255000044126
2019-12-23,SELL,MOM100.NS,9635,17.8,171503.0,85.75150000000001,171429.27375500003
2019-12-23,BUY,INFRABEES.NS,506,338.49,171275.94,85.63797000000001,67.69578500001808
2019-12-30,SELL,INFRABEES.NS,506,335.25,169636.5,84.81825,169619.377535
2019-12-30,BUY,GOLDBEES.NS,4942,34.3,169510.59999999998,84.75529999999999,24.022235000040382
2020-01-06,SELL,JUNIORBEES.NS,594,290.1,172319.40000000002,86.15970000000002,172257.26253500007
2020-01-06,BUY,MOM100.NS,9607,17.92,172157.44,86.07872,13.743815000081668
2020-01-20,SELL,GOLDBEES.NS,4942,35.23,174106.65999999997,87.05332999999999,174033.35048500006
2020-01-20,BUY,JUNIORBEES.NS,581,299.07,173759.66999999998,86.879835,186.80065000007744
2020-01-27,SELL,BANKBEES.NS,572,315.52,180477.44,90.23872,180574.0019300001
2020-01-27,BUY,INFRABEES.NS,520,347.07,180476.4,90.23819999999999,7.363730000099167
2020-02-03,SELL,JUNIORBEES.NS,581,286.7,166572.69999999998,83.28635,166496.77738000007
2020-02-03,BUY,GOLDBEES.NS,4634,35.91,166406.93999999997,83.20346999999998,6.633910000091419
2020-02-10,SELL,INFRABEES.NS,520,337.13,175307.6,87.6538,175226.5801100001
2020-02-10,SELL,NIFTYBEES.NS,1571,127.91,200946.61,100.473305,376072.7168050001
2020-02-10,BUY,JUNIORBEES.NS,625,300.46,187787.5,93.89375,188191.3230550001
2020-02-10,BUY,BANKBEES.NS,591,317.68,187748.88,93.87444,348.5686150000838
2020-02-17,SELL,BANKBEES.NS,591,313.06,185018.46,92.50923,185274.51938500008
2020-02-17,BUY,NIFTYBEES.NS,1448,127.84,185112.32,92.55616,69.64322500006529
2020-03-02,SELL,NIFTYBEES.NS,1448,118.39,171428.72,85.71436,171412.64886500005
2020-03-02,SELL,JUNIORBEES.NS,625,275.84,172399.99999999997,86.19999999999999,343726.44886500004
2020-03-02,BUY,LIQUIDBEES.NS,171,1000.0,171000.0,85.5,172640.94886500004
2020-03-02,BUY,BANKBEES.NS,583,294.45,171664.35,85.832175,890.7666900000477
2020-03-09,SELL,BANKBEES.NS,583,271.61,158348.63,79.174315,159160.22237500004
2020-03-09,BUY,DIVOPPBEES.NS,5953,26.72,159064.16,79.53208000000001,16.53029500003322
2020-03-23,SELL,MOM100.NS,9607,12.37,118838.59,59.419295,118795.70100000003
2020-03-23,BUY,JUNIORBEES.NS,592,200.42,118648.64,59.32432,87.7366800000309
2020-04-07,SELL,JUNIORBEES.NS,592,227.61,134745.12,67.37256,134765.48412000004
2020-04-07,BUY,INFRABEES.NS,551,244.23,134570.72999999998,67.285365,127.46875500006718
2020-04-13,SELL,INFRABEES.NS,551,256.74,141463.74,70.73187,141520.47688500007
2020-04-13,BUY,JUNIORBEES.NS,597,236.77,141351.69,70.67584500000001,98.11104000007617
2020-05-04,SELL,JUNIORBEES.NS,597,240.3,143459.1,71.72955,143485.4814900001
2020-05-04,BUY,INFRABEES.NS,521,274.99,143269.79,71.634895,144.05659500008915
2020-05-11,SELL,INFRABEES.NS,521,281.0,146401.0,73.2005,146471.85609500008
2020-05-11,BUY,CONSUMBEES.NS,2776,52.72,146350.72,73.17536,47.96073500008788
2020-05-18,SELL,DIVOPPBEES.NS,5953,24.4,145253.19999999998,72.6266,145228.53413500008
2020-05-18,BUY,INFRABEES.NS,532,272.78,145118.96,72.55948,37.014655000093626
2020-05-26,SELL,CONSUMBEES.NS,2776,47.44,131693.44,65.84672,131664.6079350001
2020-05-26,BUY,NV20BEES.NS,2631,50.0,131550.0,65.775,48.832935000100406
2020-06-08,SELL,NV20BEES.NS,2631,53.6,141021.6,70.5108,140999.92213500012
2020-06-08,BUY,JUNIORBEES.NS,533,264.21,140823.93,70.411965,105.5801700001175
2020-06-15,SELL,JUNIORBEES.NS,533,259.14,138121.62,69.06081,138158.13936000012
2020-06-15,BUY,DIVOPPBEES.NS,5234,26.38,138072.91999999998,69.03645999999999,16.182900000130758
2020-06-22,SELL,DIVOPPBEES.NS,5234,26.3,137654.2,68.8271,137601.55580000015
2020-06-22,BUY,JUNIORBEES.NS,513,267.64,137299.32,68.64966000000001,233.58614000014495
2020-06-29,SELL,LIQUIDBEES.NS,171,999.99,170998.29,85.49914500000001,171146.37699500014
2020-06-29,BUY,NV20BEES.NS,3209,53.29,171007.61,85.503805,53.26319000017247
2020-07-13,SELL,NV20BEES.NS,3209,55.6,178420.4,89.2102,178384.45299000017
2020-07-13,BUY,NIFTYBEES.NS,1552,114.86,178262.72,89.13136,32.60163000016473
2020-07-20,SELL,JUNIORBEES.NS,513,276.22,141700.86000000002,70.85043,141662.6112000002
2020-07-20,BUY,NV20BEES.NS,2468,57.37,141589.16,70.79458,2.656620000198018
2020-08-10,SELL,NIFTYBEES.NS,1552,119.97,186193.44,93.09672,186102.9999000002
2020-08-10,BUY,MID150BEES.NS,2965,62.72,185964.8,92.9824,45.21750000020256
2020-08-17,SELL,INFRABEES.NS,532,330.0,175560.0,87.78,175517.4375000002
2020-08-17,BUY,MOM100.NS,10193,17.21,175421.53,87.710765,8.196735000208719
2020-08-24,SELL,GOLDBEES.NS,4634,45.5,210847.0,105.4235,210749.7732350002
2020-08-24,BUY,INFRABEES.NS,636,331.0,210516.0,105.258,128.51523500020267
2020-08-31,SELL,INFRABEES.NS,636,326.75,207813.0,103.90650000000001,207837.6087350002
2020-08-31,BUY,NIFTYBEES.NS,1716,121.03,207687.48,103.84374000000001,46.28499500016915
2020-09-07,SELL,NIFTYBEES.NS,1716,121.27,208099.32,104.04966,208041.5553350002
2020-09-07,BUY,INFRABEES.NS,633,328.44,207902.52,103.95125999999999,35.0840750001953
2020-09-14,SELL,INFRABEES.NS,633,333.25,210947.25,105.473625,210876.86045000018
2020-09-14,BUY,NIFTYBEES.NS,1725,122.13,210674.25,105.337125,97.27332500019111
2020-09-21,SELL,MON100.NS,2705,77.94,210827.69999999998,105.41385,210819.55947500016
2020-09-21,BUY,INFRABEES.NS,645,326.28,210450.59999999998,105.22529999999999,263.7341750001942
2020-09-28,SELL,INFRABEES.NS,645,321.6,207432.00000000003,103.71600000000002,207592.01817500024
2020-09-28,BUY,MON100.NS,2538,81.75,207481.5,103.74075,6.777425000240328
2020-10-12,SELL,MON100.NS,2538,84.66,214867.08,107.43354,214766.42388500023
2020-10-12,BUY,BANKBEES.NS,900,238.27,214443.0,107.2215,216.20238500021514
2020-10-19,SELL,BANKBEES.NS,900,243.9,219510.0,109.755,219616.4473850002
2020-10-19,BUY,MON100.NS,2544,86.26,219445.44,109.72272000000001,61.2846650002175
2020-10-26,SELL,MON100.NS,2544,83.88,213390.72,106.69536000000001,213345.3093050002
2020-10-26,BUY,BANKBEES.NS,879,242.43,213095.97,106.547985,142.79132000019308
2020-11-17,SELL,NV20BEES.NS,2468,66.16,163282.88,81.64144,163344.0298800002
2020-11-17,BUY,NIF100BEES.NS,1245,131.08,163194.6,81.5973,67.83258000019123
2020-11-23,SELL,NIF100BEES.NS,1245,128.05,159422.25,79.711125,159410.3714550002
2020-11-23,BUY,NV20BEES.NS,2379,66.95,159274.05000000002,79.63702500000001,56.684430000168504
2020-12-07,SELL,NV20BEES.NS,2379,69.99,166506.21,83.25310499999999,166479.64132500015
2020-12-07,BUY,PSUBNKBEES.NS,8739,19.04,166390.56,83.19528,5.886045000137528
2020-12-14,SELL,NIFTYBEES.NS,1725,144.32,248952.0,124.476,248833.41004500014
2020-12-14,BUY,DIVOPPBEES.NS,7435,33.45,248700.75000000003,124.35037500000001,8.309670000104234
2020-12-21,SELL,DIVOPPBEES.NS,7435,32.75,243496.25,121.748125,243382.8115450001
2020-12-21,BUY,NV20BEES.NS,3434,70.82,243195.87999999998,121.59794,65.33360500010895
2021-01-04,SELL,NV20BEES.NS,3434,75.1,257893.4,128.9467,257829.7869050001
2021-01-04,BUY,ITBEES.NS,10165,25.35,257682.75,128.841375,18.19553000011365
2021-01-18,SELL,MOM100.NS,10193,22.42,228527.06000000003,114.26353000000002,228430.99200000014
2021-01-18,BUY,NV20BEES.NS,2967,76.93,228251.31000000003,114.12565500000001,65.55634500010638
2021-01-25,SELL,MID150BEES.NS,2965,81.58,241884.69999999998,120.94234999999999,241829.3139950001
2021-01-25,BUY,MOM100.NS,10704,22.58,241696.31999999998,120.84816,12.145835000119405
2021-02-01,SELL,NV20BEES.NS,2967,76.5,226975.5,113.48775,226874.15808500012
2021-02-01,BUY,MID150BEES.NS,2764,82.02,226703.28,113.35164,57.52644500011229
2021-02-08,SELL,ITBEES.NS,10165,26.22,266526.3,133.26315,266450.5632950001
2021-02-08,BUY,NV20BEES.NS,3344,79.63,266282.72,133.14136,34.70193500013556
2021-02-15,SELL,NV20BEES.NS,3344,79.06,264376.64,132.18832,264279.15361500013
2021-02-15,BUY,INFRABEES.NS,615,429.17,263939.55,131.969775,207.63384000014048
2021-02-22,SELL,INFRABEES.NS,615,423.91,260704.65000000002,130.352325,260781.93151500015
2021-02-22,SELL,MID150BEES.NS,2764,87.46,241739.43999999997,120.86971999999999,502400.50179500016
2021-02-22,BUY,DIVOPPBEES.NS,7009,35.82,251062.38,125.53119000000001,251212.59060500015
2021-02-22,BUY,CPSEETF.NS,11203,22.41,251059.23,125.529615,27.83099000013317
2021-03-01,SELL,DIVOPPBEES.NS,7009,36.59,256459.31000000003,128.229655,256358.91133500016
2021-03-01,BUY,MID150BEES.NS,2834,90.39,256165.26,128.08263,65.56870500015793
2021-03-30,SELL,BANKBEES.NS,879,339.73,298622.67000000004,149.311335,298538.9273700002
2021-03-30,BUY,DIVOPPBEES.NS,8012,37.24,298366.88,149.18344000000002,22.863930000225082
2021-04-12,SELL,CPSEETF.NS,11203,21.36,239296.08,119.64804,239199.2958900002
2021-04-12,SELL,DIVOPPBEES.NS,8012,36.9,295642.8,147.8214,534694.2744900002
2021-04-12,BUY,NV20BEES.NS,3277,81.53,267173.81,133.586905,267386.87758500024
2021-04-12,BUY,ITBEES.NS,9944,26.87,267195.28,133.59764,57.99994500022149
2021-04-19,SELL,ITBEES.NS,9944,26.48,263317.12,131.65856,263243.4613850002
2021-04-19,SELL,PSUBNKBEES.NS,8739,21.33,186402.87,93.201435,449553.1299500002
2021-04-19,BUY,MON100.NS,2165,103.73,224575.45,112.28772500000001,224865.3922250002
2021-04-19,BUY,CPSEETF.NS,10348,21.71,224655.08000000002,112.32754000000001,97.9846850001777
2021-04-26,SELL,NV20BEES.NS,3277,79.43,260292.11000000002,130.14605500000002,260259.9486300002
2021-04-26,BUY,DIVOPPBEES.NS,7164,36.31,260124.84000000003,130.06242,5.046210000175051
2021-05-03,SELL,DIVOPPBEES.NS,7164,37.4,267933.6,133.96679999999998,267804.67941000016
2021-05-03,BUY,PSUBNKBEES.NS,12019,22.27,267663.13,133.831565,7.7178450001520105
2021-05-10,SELL,MON100.NS,2165,99.33,215049.44999999998,107.52472499999999,214949.64312000014
2021-05-10,BUY,DIVOPPBEES.NS,5745,37.39,214805.55000000002,107.402775,36.6903450001264
2021-05-17,SELL,DIVOPPBEES.NS,5745,37.48,215322.59999999998,107.6613,215251.6290450001
2021-05-17,BUY,JUNIORBEES.NS,569,377.68,214899.92,107.44996,244.25908500008518
2021-06-21,SELL,JUNIORBEES.NS,569,403.34,229500.46,114.75023,229629.96885500007
2021-06-21,BUY,ITBEES.NS,7977,28.77,229498.29,114.74914500000001,16.92971000005491
2021-07-12,SELL,ITBEES.NS,7977,28.94,230854.38,115.42719000000001,230755.88252000007
2021-07-12,BUY,MON100.NS,2110,109.26,230538.6,115.2693,102.01322000005166
2021-07-19,SELL,PSUBNKBEES.NS,12019,26.61,319825.58999999997,159.912795,319767.69042500004
2021-07-19,BUY,ITBEES.NS,10757,29.71,319590.47000000003,159.79523500000002,17.42518999997992
2021-07-26,SELL,CPSEETF.NS,10348,25.98,268841.04,134.42051999999998,268724.04467
2021-07-26,BUY,DIVOPPBEES.NS,6542,41.05,268549.1,134.27455,40.670120000024326
2021-08-02,SELL,DIVOPPBEES.NS,6542,41.35,270511.7,135.25585,270417.11427
2021-08-02,BUY,JUNIORBEES.NS,648,416.48,269879.04000000004,134.93952000000002,403.13474999996834
2021-08-09,SELL,JUNIORBEES.NS,648,415.48,269231.04000000004,134.61552000000003,269499.55923
2021-08-09,BUY,NV20BEES.NS,2945,91.44,269290.8,134.6454,74.11383000004571
2021-08-16,SELL,MOM100.NS,10704,28.84,308703.36,154.35168,308623.12215
2021-08-16,BUY,DIVOPPBEES.NS,7256,42.51,308452.56,154.22628,16.33587000000989
2021-08-23,SELL,MID150BEES.NS,2834,103.54,293432.36000000004,146.71618000000004,293301.97969000007
2021-08-23,BUY,MOM100.NS,10347,28.33,293130.51,146.565255,24.904435000033118
2021-08-30,SELL,MOM100.NS,10347,29.53,305546.91000000003,152.773455,305419.04098000005
2021-08-30,BUY,NIFTYBEES.NS,1672,182.57,305257.04,152.62851999999998,9.372460000042338
2021-09-06,SELL,NIFTYBEES.NS,1672,187.55,313583.60000000003,156.79180000000002,313436.1806600001
2021-09-06,SELL,MON100.NS,2110,113.4,239274.0,119.637,552590.5436600001
2021-09-06,BUY,JUNIORBEES.NS,620,445.33,276104.6,138.0523,276347.8913600001
2021-09-06,BUY,CONSUMBEES.NS,3611,76.46,276097.06,138.04853,112.78283000015654
2021-09-13,SELL,NV20BEES.NS,2945,97.4,286843.0,143.4215,286812.36133000016
2021-09-13,BUY,MOM100.NS,9286,30.87,286658.82,143.32941,10.211920000147074
2021-09-20,SELL,MOM100.NS,9286,30.95,287401.7,143.70085,287268.21107000014
2021-09-20,BUY,NV20BEES.NS,2912,98.6,287123.2,143.5616,1.449470000108704
2021-09-27,SELL,DIVOPPBEES.NS,7256,45.54,330438.24,165.21912,330274.4703500001
2021-09-27,SELL,JUNIORBEES.NS,620,449.26,278541.2,139.2706,608676.3997500001
2021-09-27,BUY,INFRABEES.NS,585,519.91,304147.35,152.07367499999998,304376.97607500013
2021-09-27,BUY,NIFTYBEES.NS,1577,192.79,304029.83,152.014915,195.13116000010632
2021-10-04,SELL,NV20BEES.NS,2912,99.93,290996.16000000003,145.49808000000002,291045.79308000015
2021-10-04,SELL,CONSUMBEES.NS,3611,78.38,283030.18,141.51509,573934.4579900001
2021-10-04,SELL,NIFTYBEES.NS,1577,191.03,301254.31,150.62715500000002,875038.1408350002
2021-10-04,BUY,CPSEETF.NS,9401,31.01,291525.01,145.762505,583367.3683300002
2021-10-04,BUY,MOM100.NS,8995,32.41,291527.94999999995,145.763975,291693.65435500024
2021-10-04,BUY,MID150BEES.NS,2495,116.84,291515.8,145.7579,32.09645500022452
2021-10-25,SELL,INFRABEES.NS,585,528.8,309348.0,154.674,309225.4224550002
2021-10-25,SELL,MID150BEES.NS,2495,115.6,288422.0,144.211,597503.2114550002
2021-10-25,BUY,PSUBNKBEES.NS,9585,31.15,298572.75,149.286375,298781.1750800002
2021-10-25,BUY,BANKBEES.NS,720,414.63,298533.6,149.2668,98.3082800002303
2021-11-01,SELL,BANKBEES.NS,720,400.98,288705.60000000003,144.35280000000003,288659.5554800003
2021-11-01,BUY,INFRABEES.NS,541,532.95,288325.95,144.16297500000002,189.44250500027556
2021-11-08,SELL,CPSEETF.NS,9401,30.55,287200.55,143.600275,287246.3922300003
2021-11-08,BUY,NIF100BEES.NS,1523,188.43,286978.89,143.48944500000002,124.01278500026092
2021-11-15,SELL,NIF100BEES.NS,1523,190.09,289507.07,144.753535,289486.32925000024
2021-11-15,BUY,MID150BEES.NS,2388,121.15,289306.2,144.6531,35.476150000235066
2021-11-22,SELL,MID150BEES.NS,2388,115.81,276554.28,138.27714,276451.47901000024
2021-11-22,BUY,MAFANG.NS,4624,59.75,276284.0,138.142,29.337010000250302
2021-11-29,SELL,PSUBNKBEES.NS,9585,28.14,269721.9,134.86095,269616.3760600003
2021-11-29,SELL,MOM100.NS,8995,31.42,282622.9,141.31145,552097.9646100004
2021-11-29,BUY,MON100.NS,2308,119.52,275852.16,137.92607999999998,276107.8785300004
2021-11-29,BUY,CPSEETF.NS,9487,29.08,275881.95999999996,137.94098,87.97755000041798
2021-12-06,SELL,INFRABEES.NS,541,509.98,275899.18,137.94959,275849.20796000044
2021-12-06,SELL,MAFANG.NS,4624,55.16,255059.84,127.52992,530781.5180400005
2021-12-06,BUY,MOM100.NS,8199,32.35,265237.65,132.61882500000002,265411.2492150004
2021-12-06,BUY,MID150BEES.NS,2312,114.71,265209.51999999996,132.60475999999997,69.1244550004485
2021-12-13,SELL,CPSEETF.NS,9487,29.87,283376.69,141.688345,283304.1261100005
2021-12-13,BUY,PSUBNKBEES.NS,9398,30.13,283161.74,141.58087,0.8052400004817173
2021-12-20,SELL,PSUBNKBEES.NS,9398,26.93,253088.13999999998,126.54406999999999,252962.40117000046
2021-12-20,BUY,CPSEETF.NS,8852,28.56,252813.12,126.40656,22.8746100004646
2021-12-27,SELL,MOM100.NS,8199,31.57,258842.43,129.421215,258735.88339500045
2021-12-27,SELL,MID150BEES.NS,2312,114.43,264562.16000000003,132.28108000000003,523165.7623150005
2021-12-27,BUY,NV20BEES.NS,2642,98.95,261425.9,130.71295,261609.14936500054
2021-12-27,BUY,DIVOPPBEES.NS,5833,44.82,261435.06,130.71753,43.37183500055107
2022-01-03,SELL,DIVOPPBEES.NS,5833,45.69,266509.76999999996,133.25488499999997,266419.88695000054
2022-01-03,BUY,MID150BEES.NS,2245,118.59,266234.55,133.117275,52.21967500052415
2022-01-10,SELL,MON100.NS,2308,115.06,265558.48,132.77924,265477.9204350005
2022-01-10,BUY,PSUBNKBEES.NS,8841,30.01,265318.41000000003,132.65920500000001,26.85123000049498
2022-01-17,SELL,MID150BEES.NS,2245,122.12,274159.4,137.0797,274049.1715300005
2022-01-17,BUY,INFRABEES.NS,496,551.86,273722.56,136.86128,189.75025000050664
2022-01-24,SELL,ITBEES.NS,10757,35.73,384347.61,192.173805,384345.18644500047
2022-01-24,BUY,MOM100.NS,12348,31.11,384146.27999999997,192.07314,6.8333050005021505
2022-01-31,SELL,NV20BEES.NS,2642,98.34,259814.28,129.90714,259691.2061650005
2022-01-31,SELL,MOM100.NS,12348,31.97,394765.56,197.38278,654259.3833850005
2022-01-31,BUY,BANKBEES.NS,853,382.9,326613.69999999995,163.30684999999997,327482.37653500057
2022-01-31,BUY,GOLDBEES.NS,7926,41.25,326947.5,163.47375,371.4027850005659
2022-02-07,SELL,GOLDBEES.NS,7926,41.63,329959.38,164.97969,330165.80309500056
2022-02-07,BUY,NV20BEES.NS,3340,98.78,329925.2,164.9626,75.64049500052352
2022-02-14,SELL,INFRABEES.NS,496,502.37,249175.52,124.58776,249126.57273500052
2022-02-14,SELL,NV20BEES.NS,3340,96.64,322777.6,161.3888,571742.7839350004
2022-02-14,BUY,GOLDBEES.NS,6651,42.96,285726.96,142.86348,285872.9604550004
2022-02-14,BUY,GILT5YBEES.NS,5730,49.86,285697.8,142.8489,32.31155500042951
2022-02-28,SELL,BANKBEES.NS,853,364.89,311251.17,155.625585,311127.85597000044
2022-02-28,BUY,LIQUIDBEES.NS,310,1000.0,310000.0,155.0,972.8559700004407
2022-03-07,SELL,PSUBNKBEES.NS,8841,26.9,237822.9,118.91145,238676.84452000042
2022-03-07,BUY,DIVOPPBEES.NS,5520,43.21,238519.2,119.2596,38.38492000041879
2022-03-14,SELL,DIVOPPBEES.NS,5520,44.79,247240.8,123.6204,247155.5645200004
2022-03-14,BUY,NV20BEES.NS,2495,98.99,246980.05,123.490025,52.02449500039802
2022-03-21,SELL,LIQUIDBEES.NS,310,999.99,309996.9,154.99845000000002,309893.92604500044
2022-03-21,BUY,PSUBNKBEES.NS,10481,29.55,309713.55,154.856775,25.519270000455435
2022-03-28,SELL,PSUBNKBEES.NS,10481,29.74,311704.94,155.85247,311574.6068000005
2022-03-28,BUY,ITBEES.NS,8434,36.92,311383.28,155.69164,35.63516000047093
2022-04-04,SELL,ITBEES.NS,8434,37.31,314672.54000000004,157.33627,314550.8388900005
2022-04-04,SELL,GILT5YBEES.NS,5730,49.84,285583.2,142.79160000000002,599991.2472900006
2022-04-04,BUY,DIVOPPBEES.NS,6416,46.73,299819.68,149.90984,300021.6574500006
2022-04-04,BUY,PSUBNKBEES.NS,9641,31.1,299835.10000000003,149.91755000000003,36.63990000053309
2022-04-11,SELL,NV20BEES.NS,2495,102.16,254889.19999999998,127.4446,254798.39530000053
2022-04-11,BUY,INFRABEES.NS,469,542.86,254601.34,127.30067,69.75463000053423
2022-04-18,SELL,INFRABEES.NS,469,533.82,250361.58000000002,125.18079000000002,250306.15384000054
2022-04-18,SELL,DIVOPPBEES.NS,6416,45.99,295071.84,147.53592,545230.4579200005
2022-04-18,BUY,JUNIORBEES.NS,598,455.58,272436.83999999997,136.21841999999998,272657.3995000006
2022-04-18,BUY,HNGSNGBEES.NS,863,315.56,272328.28,136.16414,192.95536000054562
2022-04-25,SELL,PSUBNKBEES.NS,9641,29.9,288265.89999999997,144.13295,288314.7224100005
2022-04-25,SELL,HNGSNGBEES.NS,863,305.4,263560.19999999995,131.78009999999998,551743.1423100005
2022-04-25,BUY,INFRABEES.NS,518,531.59,275363.62,137.68181,276241.8405000005
2022-04-25,BUY,CONSUMBEES.NS,3632,75.9,275668.80000000005,137.83440000000002,435.206100000476
2022-05-09,SELL,INFRABEES.NS,518,507.87,263076.66,131.53833,263380.32777000044
2022-05-09,SELL,CONSUMBEES.NS,3632,72.22,262303.04,131.15152,525552.2162500004
2022-05-09,SELL,JUNIORBEES.NS,598,418.7,250382.6,125.19130000000001,775809.6249500004
2022-05-09,BUY,DIVOPPBEES.NS,5887,43.9,258439.3,129.21965,517241.1053000004
2022-05-09,BUY,LIQUIDBEES.NS,258,1000.0,258000.0,129.0,259112.1053000004
2022-05-09,BUY,HNGSNGBEES.NS,848,304.74,258419.52000000002,129.20976000000002,563.3755400003865
2022-05-16,SELL,DIVOPPBEES.NS,5887,42.39,249549.93,124.774965,249988.5305750004
2022-05-16,BUY,GILT5YBEES.NS,5064,49.34,249857.76,124.92888,5.841695000388427
2022-05-30,SELL,HNGSNGBEES.NS,848,298.58,253195.84,126.59792,253075.08377500038
2022-05-30,BUY,BANKBEES.NS,699,361.43,252639.57,126.31978500000001,309.1939900003781
2022-06-06,SELL,BANKBEES.NS,699,356.47,249172.53000000003,124.58626500000001,249357.13772500042
2022-06-06,SELL,GILT5YBEES.NS,5064,48.56,245907.84000000003,122.95392000000001,495142.02380500047
2022-06-06,BUY,HNGSNGBEES.NS,790,312.98,247254.2,123.62710000000001,247764.19670500045
2022-06-06,BUY,CONSUMBEES.NS,3362,73.58,247375.96,123.68798,264.5487250004662
2022-06-13,SELL,CONSUMBEES.NS,3362,71.67,240954.54,120.47727,241098.61145500047
2022-06-13,BUY,GILT5YBEES.NS,4954,48.64,240962.56,120.48128,15.570175000466406
2022-06-27,SELL,CPSEETF.NS,8852,32.42,286981.84,143.49092000000002,286853.9192550005
2022-06-27,BUY,CONSUMBEES.NS,3904,73.44,286709.76,143.35488,0.8043750004726462
2022-07-11,SELL,HNGSNGBEES.NS,790,297.65,235143.49999999997,117.57175,235026.73262500044
2022-07-11,BUY,PSUBNKBEES.NS,7968,29.48,234896.64,117.44832000000001,12.644305000430904
2022-07-25,SELL,LIQUIDBEES.NS,258,999.99,257997.42,128.99871000000002,257881.06559500043
2022-07-25,SELL,GOLDBEES.NS,6651,43.6,289983.60000000003,144.9918,547719.6737950004
2022-07-25,SELL,GILT5YBEES.NS,4954,49.27,244083.58000000002,122.04179,791681.2120050004
2022-07-25,BUY,BANKBEES.NS,712,370.3,263653.60000000003,131.82680000000002,527895.7852050004
2022-07-25,BUY,MID150BEES.NS,2362,111.64,263693.68,131.84684,264070.2583650004
2022-07-25,BUY,MOM100.NS,8544,30.87,263753.28,131.87664,185.10172500042245
2022-08-08,SELL,BANKBEES.NS,712,386.46,275159.51999999996,137.57976,275207.0419650004
2022-08-08,BUY,AUTOBEES.NS,2104,130.68,274950.72000000003,137.47536000000002,118.84660500037717
2022-08-16,SELL,MID150BEES.NS,2362,119.81,282991.22000000003,141.49561000000003,282968.5709950004
2022-08-16,BUY,BANKBEES.NS,712,397.06,282706.72000000003,141.35336,120.49763500038534
2022-08-22,SELL,PSUBNKBEES.NS,7968,30.93,246450.24,123.22512,246447.5125150004
2022-08-22,BUY,MID150BEES.NS,2101,117.22,246279.22,123.13961,45.15290500037372
2022-08-29,SELL,MOM100.NS,8544,32.7,279388.80000000005,139.69440000000003,279294.25850500044
2022-08-29,BUY,PSUBNKBEES.NS,8584,32.52,279151.68000000005,139.57584000000003,3.002665000385605
2022-10-10,SELL,BANKBEES.NS,712,395.58,281652.95999999996,140.82647999999998,281515.13618500036
2022-10-10,BUY,MOM100.NS,8521,33.02,281363.42000000004,140.68171000000004,11.034475000342354
2022-10-17,SELL,MOM100.NS,8521,32.29,275143.08999999997,137.571545,275016.5529300003
2022-10-17,BUY,BANKBEES.NS,680,403.65,274482.0,137.241,397.31193000031635
2022-10-31,SELL,MID150BEES.NS,2101,120.63,253443.63,126.721815,253714.22011500032
2022-10-31,BUY,CPSEETF.NS,6673,38.0,253574.0,126.787,13.433115000312682
2022-11-07,SELL,CONSUMBEES.NS,3904,86.68,338398.72000000003,169.19936,338242.9537550003
2022-11-07,BUY,MID150BEES.NS,2740,123.35,337979.0,168.9895,94.96425500029
2022-11-14,SELL,AUTOBEES.NS,2104,132.31,278380.24,139.19012,278336.0141350003
2022-11-14,SELL,MID150BEES.NS,2740,121.54,333019.60000000003,166.5098,611189.1043350003
2022-11-14,BUY,NIFTYBEES.NS,1525,200.17,305259.25,152.629625,305777.2247100003
2022-11-14,BUY,NIF100BEES.NS,1578,193.47,305295.66,152.64783,328.91688000032445
2022-11-28,SELL,NIF100BEES.NS,1578,194.69,307220.82,153.61041,307396.1264700003
2022-11-28,BUY,INFRABEES.NS,545,563.52,307118.39999999997,153.55919999999998,124.16727000032552
2022-12-05,SELL,CPSEETF.NS,6673,39.27,262048.71000000002,131.024355,262041.85291500035
2022-12-05,SELL,NIFTYBEES.NS,1525,204.44,311771.0,155.8855,573656.9674150003
2022-12-05,BUY,SILVERBEES.NS,4403,65.11,286679.33,143.33966500000002,286834.2977500003
2022-12-05,BUY,ITBEES.NS,8894,32.23,286653.62,143.32681,37.350940000324044
2022-12-12,SELL,ITBEES.NS,8894,30.27,269221.38,134.61069,269124.1202500003
2022-12-12,BUY,DIVOPPBEES.NS,5543,48.52,268946.36000000004,134.47318,43.28707000031136
2022-12-19,SELL,DIVOPPBEES.NS,5543,48.49,268780.07,134.390035,268688.9670350003
2022-12-19,BUY,CPSEETF.NS,6942,38.68,268516.56,134.25828,38.148755000322126
2022-12-26,SELL,CPSEETF.NS,6942,37.38,259491.96000000002,129.74598,259400.36277500034
2022-12-26,SELL,INFRABEES.NS,545,544.96,297003.2,148.5016,556255.0611750004
2022-12-26,BUY,GOLDBEES.NS,5953,46.69,277945.57,138.97278500000002,278170.5183900004
2022-12-26,BUY,NIFTYBEES.NS,1409,197.23,277897.07,138.948535,134.4998550004093
2023-01-02,SELL,NIFTYBEES.NS,1409,199.34,280870.06,140.43503,280864.1248250004
2023-01-02,BUY,HNGSNGBEES.NS,968,289.96,280681.27999999997,140.34063999999998,42.50418500043452
2023-01-23,SELL,BANKBEES.NS,680,433.57,294827.6,147.41379999999998,294722.69038500043
2023-01-23,BUY,CPSEETF.NS,7528,39.13,294570.64,147.28532,4.765065000392497
2023-01-30,SELL,CPSEETF.NS,7528,37.66,283504.48,141.75224,283367.4928250004
2023-01-30,BUY,MAFANG.NS,6611,42.84,283215.24000000005,141.60762000000003,10.645205000299029
2023-02-20,SELL,GOLDBEES.NS,5953,48.38,288006.14,144.00307,287872.78213500034
2023-02-20,SELL,PSUBNKBEES.NS,8584,41.79,358725.36,179.36267999999998,646418.7794550003
2023-02-20,SELL,SILVERBEES.NS,4403,65.33,287647.99,143.823995,933922.9454600003
2023-02-20,BUY,ITBEES.NS,9550,32.58,311139.0,155.5695,622628.3759600003
2023-02-20,BUY,MON100.NS,3110,100.02,311062.2,155.5311,311410.6448600003
2023-02-20,BUY,NV20BEES.NS,2903,107.16,311085.48,155.54273999999998,169.62212000030559
2023-02-27,SELL,NV20BEES.NS,2903,104.14,302318.42,151.15921,302336.8829100003
2023-02-27,BUY,GOLDBEES.NS,6369,47.44,302145.36,151.07268,40.45023000030778
2023-03-06,SELL,ITBEES.NS,9550,31.42,300061.0,150.0305,299951.4197300003
2023-03-06,SELL,MON100.NS,3110,98.87,307485.7,153.74285,607283.3768800003
2023-03-06,BUY,PSUBNKBEES.NS,6917,43.87,303448.79,151.724395,303682.86248500034
2023-03-06,BUY,CPSEETF.NS,7493,40.5,303466.5,151.73325,64.62923500034958
2023-03-13,SELL,PSUBNKBEES.NS,6917,41.54,287332.18,143.66609,287253.14314500033
2023-03-13,BUY,MON100.NS,3003,95.6,287086.8,143.5434,22.79974500031676
2023-03-20,SELL,HNGSNGBEES.NS,968,272.95,264215.6,132.1078,264106.2919450003
2023-03-20,BUY,SILVERBEES.NS,3905,67.59,263938.95,131.96947500000002,35.372470000293106
2023-03-27,SELL,CPSEETF.NS,7493,38.58,289079.94,144.53997,288970.7725000003
2023-03-27,BUY,HNGSNGBEES.NS,1028,280.84,288703.51999999996,144.35175999999998,122.90074000036111
2023-04-17,SELL,HNGSNGBEES.NS,1028,292.15,300330.19999999995,150.16509999999997,300302.93564000033
2023-04-17,BUY,CPSEETF.NS,7271,41.28,300146.88,150.07344,5.982200000318699
2023-05-15,SELL,SILVERBEES.NS,3905,71.83,280496.14999999997,140.24807499999997,280361.8841250003
2023-05-15,BUY,AUTOBEES.NS,1978,141.66,280203.48,140.10174,18.302385000279173
2023-05-29,SELL,GOLDBEES.NS,6369,51.18,325965.42,162.98271,325820.73967500025
2023-05-29,BUY,MOM100.NS,9132,35.66,325647.12,162.82356000000001,10.796115000266582
2023-06-05,SELL,CPSEETF.NS,7271,41.96,305091.16000000003,152.54558000000003,304949.4105350003
2023-06-05,BUY,CONSUMBEES.NS,3451,88.31,304757.81,152.378905,39.2216300003347
2023-06-12,SELL,CONSUMBEES.NS,3451,88.33,304826.83,152.41341500000001,304713.63821500033
2023-06-12,BUY,MID150BEES.NS,2312,131.71,304513.52,152.25676,47.8614550002967
2023-07-24,SELL,MID150BEES.NS,2312,140.76,325437.12,162.71856,325322.2628950003
2023-07-24,BUY,PSUBNKBEES.NS,6390,50.88,325123.2,162.5616,36.501295000256505
2023-07-31,SELL,AUTOBEES.NS,1978,158.81,314126.18,157.06309,314005.61820500024
2023-07-31,BUY,PHARMABEES.NS,20593,15.24,313837.32,156.91866000000002,11.379545000207145
2023-08-07,SELL,PSUBNKBEES.NS,6390,49.0,313110.0,156.555,312964.8245450002
2023-08-07,BUY,MID150BEES.NS,2159,144.82,312666.38,156.33319,142.11135500023374
2023-08-14,SELL,MON100.NS,3003,121.05,363513.14999999997,181.756575,363473.5047800002
2023-08-14,BUY,PSUBNKBEES.NS,7221,50.31,363288.51,181.64425500000002,3.350525000190828
2023-08-21,SELL,MAFANG.NS,6611,60.79,401882.69,200.941345,401685.0991800002
2023-08-21,BUY,AUTOBEES.NS,2564,156.55,401394.2,200.6971,90.20208000019193
2023-08-28,SELL,PSUBNKBEES.NS,7221,50.78,366682.38,183.34119,366589.2408900002
2023-08-28,SELL,AUTOBEES.NS,2564,157.0,402548.0,201.274,768935.9668900003
2023-08-28,BUY,MAFANG.NS,6206,61.92,384275.52,192.13776000000001,384468.30913000024
2023-08-28,BUY,CPSEETF.NS,8005,48.0,384240.0,192.12,36.18913000024622
2023-09-11,SELL,MAFANG.NS,6206,64.25,398735.5,199.36775,398572.32138000027
2023-09-11,BUY,AUTOBEES.NS,2392,166.48,398220.16,199.11007999999998,153.05130000028294
2023-09-18,SELL,AUTOBEES.NS,2392,168.24,402430.08,201.21504000000002,402381.9162600003
2023-09-18,BUY,PSUBNKBEES.NS,6924,58.08,402145.92,201.07296,34.923300000315066
2023-09-25,SELL,PHARMABEES.NS,20593,15.26,314249.18,157.12459,314126.9787100003
2023-09-25,BUY,AUTOBEES.NS,1903,164.96,313918.88,156.95944,51.139270000276156
2023-10-03,SELL,AUTOBEES.NS,1903,162.56,309351.68,154.67584,309248.1434300003
2023-10-03,BUY,PHARMABEES.NS,19903,15.53,309093.58999999997,154.54679499999997,0.006635000347159803
2023-10-16,SELL,PHARMABEES.NS,19903,15.4,306506.2,153.25310000000002,306352.9535350004
2023-10-16,BUY,AUTOBEES.NS,1824,167.83,306121.92000000004,153.06096000000002,77.97257500037085
2023-11-13,SELL,AUTOBEES.NS,1824,166.17,303094.07999999996,151.54703999999998,303020.50553500035
2023-11-13,BUY,PHARMABEES.NS,19254,15.73,302865.42,151.43271,3.6528250003466383
2023-11-28,SELL,PSUBNKBEES.NS,6924,56.0,387744.0,193.872,387553.7808250004
2023-11-28,BUY,MAFANG.NS,5633,68.76,387325.08,193.66254,35.03828500036616
2023-12-04,SELL,PHARMABEES.NS,19254,16.49,317498.45999999996,158.74922999999998,317374.7490550003
2023-12-04,SELL,MAFANG.NS,5633,68.26,384508.58,192.25429000000003,701691.0747650003
2023-12-04,BUY,DIVOPPBEES.NS,5504,63.71,350659.84,175.32992000000002,350855.90484500024
2023-12-04,BUY,AUTOBEES.NS,1951,179.71,350614.21,175.307105,66.3877400002093
2023-12-11,SELL,AUTOBEES.NS,1951,181.05,353228.55000000005,176.61427500000002,353118.32346500026
2023-12-11,SELL,MID150BEES.NS,2159,169.31,365540.29,182.77014499999999,718475.8433200002
2023-12-11,BUY,PSUBNKBEES.NS,5820,61.69,359035.8,179.5179,359260.52542000025
2023-12-11,BUY,INFRABEES.NS,495,724.68,358716.6,179.35829999999999,364.56712000025436
2024-01-01,SELL,MOM100.NS,9132,49.5,452034.0,226.017,452172.55012000026
2024-01-01,BUY,JUNIORBEES.NS,795,568.13,451663.35,225.831675,283.368445000262
2024-01-08,SELL,DIVOPPBEES.NS,5504,68.03,374437.12,187.21856,374533.26988500025
2024-01-08,BUY,MOM100.NS,7483,50.02,374299.66000000003,187.14983,46.46005500020692
2024-01-15,SELL,PSUBNKBEES.NS,5820,65.68,382257.60000000003,191.1288,382112.93125500024
2024-01-15,BUY,DIVOPPBEES.NS,5432,70.3,381869.6,190.9348,52.39645500027109
2024-01-23,SELL,JUNIORBEES.NS,795,566.94,450717.30000000005,225.35865000000004,450544.3378050003
2024-01-23,BUY,PSUBNKBEES.NS,6983,64.48,450263.84,225.13192,55.36588500026846
2024-01-29,SELL,MOM100.NS,7483,51.07,382156.81,191.078405,382021.0974800003
2024-01-29,BUY,JUNIORBEES.NS,652,585.04,381446.07999999996,190.72303999999997,384.294440000318
2024-02-12,SELL,JUNIORBEES.NS,652,599.64,390965.27999999997,195.48263999999998,391154.0918000003
2024-02-12,BUY,MAFANG.NS,4808,81.3,390890.39999999997,195.4452,68.24660000030417
2024-02-19,SELL,DIVOPPBEES.NS,5432,74.48,404575.36000000004,202.28768000000002,404441.31892000034
2024-02-19,BUY,JUNIORBEES.NS,647,624.16,403831.51999999996,201.91575999999998,407.88316000037594
2024-03-18,SELL,INFRABEES.NS,495,832.32,411998.4,205.9992,412200.2839600004
2024-03-18,BUY,AUTOBEES.NS,1984,207.61,411898.24000000005,205.94912000000002,96.09484000032535
2024-04-22,SELL,PSUBNKBEES.NS,6983,79.2,553053.6,276.5268,552873.1680400004
2024-04-22,BUY,GOLDBEES.NS,8950,61.74,552573.0,276.2865,23.881540000322275
2024-04-29,SELL,GOLDBEES.NS,8950,61.3,548635.0,274.3175,548384.5640400003
2024-04-29,BUY,PSUBNKBEES.NS,6550,83.67,548038.5,274.01925,72.04479000030551
2024-05-13,SELL,PSUBNKBEES.NS,6550,77.54,507887.00000000006,253.94350000000003,507705.10129000037
2024-05-13,BUY,HNGSNGBEES.NS,1541,329.17,507250.97000000003,253.62548500000003,200.50580500031356
2024-05-21,SELL,MAFANG.NS,4808,95.58,459548.64,229.77432000000002,459519.3714850003
2024-05-21,BUY,SILVERBEES.NS,5045,91.03,459246.35,229.623175,43.39831000030972
2024-06-18,SELL,SILVERBEES.NS,5045,86.26,435181.7,217.59085000000002,435007.50746000034
2024-06-18,BUY,MID150BEES.NS,2036,213.45,434584.19999999995,217.29209999999998,206.01536000036867
2024-06-24,SELL,MID150BEES.NS,2036,213.35,434380.6,217.19029999999998,434369.4250600003
2024-06-24,BUY,SILVERBEES.NS,4990,86.99,434080.1,217.04004999999998,72.28501000034157
2024-07-01,SELL,SILVERBEES.NS,4990,85.58,427044.2,213.52210000000002,426902.96291000035
2024-07-01,BUY,MID150BEES.NS,1975,216.04,426679.0,213.33950000000002,10.623410000349395
2024-07-08,SELL,HNGSNGBEES.NS,1541,299.08,460882.27999999997,230.44114,460662.4622700003
2024-07-08,BUY,SILVERBEES.NS,5147,89.44,460347.68,230.17384,84.60843000031309
2024-07-22,SELL,SILVERBEES.NS,5147,86.3,444186.1,222.09305,444048.61538000026
2024-07-22,SELL,MID150BEES.NS,1975,215.55,425711.25,212.855625,869547.0097550002
2024-07-22,BUY,DIVOPPBEES.NS,5153,84.33,434552.49,217.276245,434777.24351000023
2024-07-22,BUY,ITBEES.NS,10244,42.42,434550.48000000004,217.27524000000003,9.488270000205375
2024-08-05,SELL,ITBEES.NS,10244,41.3,423077.19999999995,211.53859999999997,422875.14967000013
2024-08-05,SELL,DIVOPPBEES.NS,5153,83.41,429811.73,214.905865,852471.9738050001
2024-08-05,BUY,PHARMABEES.NS,19147,22.25,426020.75,213.010375,426238.21343000006
2024-08-05,BUY,MOM100.NS,7077,60.19,425964.63,212.982315,60.601115000084974
2024-08-12,SELL,MOM100.NS,7077,61.32,433961.64,216.98082000000002,433805.2602950001
2024-08-12,BUY,CONSUMBEES.NS,3361,128.98,433501.77999999997,216.75089,86.72940500010736
2024-08-19,SELL,JUNIORBEES.NS,647,781.41,505572.26999999996,252.78613499999997,505406.21327000007
2024-08-19,BUY,ITBEES.NS,11462,44.07,505130.34,252.56517000000002,23.308100000023842
2024-08-26,SELL,AUTOBEES.NS,1984,264.35,524470.4,262.2352,524231.47290000005
2024-08-26,BUY,MOM100.NS,8299,63.13,523915.87,261.957935,53.64496500004316
2024-09-02,SELL,MOM100.NS,8299,63.37,525907.63,262.953815,525698.32115
2024-09-02,BUY,DIVOPPBEES.NS,5927,88.64,525369.28,262.68464,66.35650999995414
2024-09-09,SELL,CPSEETF.NS,8005,96.97,776244.85,388.122425,775923.084085
2024-09-09,SELL,DIVOPPBEES.NS,5927,86.46,512448.42,256.22420999999997,1288115.279875
2024-09-09,BUY,MOM100.NS,10301,62.49,643709.49,321.854745,644083.93513
2024-09-09,BUY,JUNIORBEES.NS,808,796.07,643224.56,321.61228000000006,537.762849999941
2024-09-16,SELL,JUNIORBEES.NS,808,804.29,649866.32,324.93316,650079.1496899999
2024-09-16,BUY,MID150BEES.NS,2836,229.08,649670.88,324.83544,83.43424999981653
2024-09-30,SELL,MOM100.NS,10301,64.48,664208.4800000001,332.10424000000006,663959.8100099999
2024-09-30,SELL,MID150BEES.NS,2836,228.78,648820.08,324.41004,1312455.4799699998
2024-09-30,BUY,HNGSNGBEES.NS,1786,367.12,655676.3200000001,327.83816,656451.3218099996
2024-09-30,BUY,AUTOBEES.NS,2372,276.44,655715.68,327.85784,407.78396999964025
2024-10-07,SELL,AUTOBEES.NS,2372,264.31,626943.32,313.47166,627037.6323099995
2024-10-07,BUY,NV20BEES.NS,3818,164.14,626686.5199999999,313.34325999999993,37.76904999965336
2024-10-14,SELL,NV20BEES.NS,3818,162.89,621914.0199999999,310.95700999999997,621640.8320399995
2024-10-14,BUY,MOM100.NS,9755,63.69,621295.95,310.647975,34.23406499961857
2024-10-21,SELL,CONSUMBEES.NS,3361,132.69,445971.08999999997,222.985545,445782.3385199996
2024-10-21,SELL,MOM100.NS,9755,61.97,604517.35,302.258675,1049997.4298449995
2024-10-21,BUY,GOLDBEES.NS,7975,65.79,524675.25,262.337625,525059.8422199994
2024-10-21,BUY,SILVERBEES.NS,5544,94.64,524684.16,262.34208,113.34013999940362
2024-11-11,SELL,PHARMABEES.NS,19147,22.81,436743.06999999995,218.37153499999997,436638.03860499937
2024-11-11,SELL,SILVERBEES.NS,5544,88.48,490533.12,245.26656,926925.8920449994
2024-11-11,BUY,MON100.NS,2640,175.43,463135.2,231.5676,463559.1244449994
2024-11-11,BUY,MAFANG.NS,4123,112.34,463177.82,231.58891,149.71553499938454
2024-11-18,SELL,GOLDBEES.NS,7975,62.9,501627.5,250.81375,501526.4017849994
2024-11-18,BUY,GILT5YBEES.NS,8595,58.32,501260.4,250.63020000000003,15.371584999375045
2024-11-25,SELL,GILT5YBEES.NS,8595,58.36,501604.2,250.80210000000002,501368.7694849994
2024-11-25,BUY,GOLDBEES.NS,7783,64.38,501069.54,250.53477,48.69471499940846
2024-12-09,SELL,GOLDBEES.NS,7783,64.29,500369.07000000007,250.18453500000004,500167.58017999947
2024-12-09,BUY,BANKBEES.NS,912,547.79,499584.48,249.79224,333.307939999504
2024-12-16,SELL,BANKBEES.NS,912,548.81,500514.72,250.25735999999998,500597.7705799995
2024-12-16,BUY,GOLDBEES.NS,7759,64.48,500300.32,250.15016,47.300419999461155
2024-12-23,SELL,GOLDBEES.NS,7759,63.97,496343.23,248.171615,496142.35880499944
2024-12-23,BUY,LTGILTBEES.NS,18271,27.14,495874.94,247.93747000000002,19.481334999436513
2024-12-30,SELL,LTGILTBEES.NS,18271,27.16,496240.36,248.12018,496011.7211549994
2024-12-30,BUY,PHARMABEES.NS,20909,23.71,495752.39,247.87619500000002,11.454959999362472
2025-01-13,SELL,PHARMABEES.NS,20909,22.3,466270.7,233.13535000000002,466049.0196099994
2025-01-13,SELL,HNGSNGBEES.NS,1786,311.75,556785.5,278.39275,1022556.1268599994
2025-01-13,BUY,GOLDBEES.NS,7713,66.25,510986.25,255.493125,511314.3837349994
2025-01-13,BUY,LTGILTBEES.NS,18863,27.09,510998.67,255.499335,60.214399999415036
2025-01-20,SELL,ITBEES.NS,11462,45.64,523125.68,261.56284,522924.3315599994
2025-01-20,SELL,LTGILTBEES.NS,18863,27.32,515337.16000000003,257.66858,1038003.8229799995
2025-01-20,BUY,HNGSNGBEES.NS,1524,340.23,518510.52,259.25526,519234.04771999945
2025-01-20,BUY,GILT5YBEES.NS,8768,59.16,518714.87999999995,259.35744,259.8102799995104
2025-01-27,SELL,GILT5YBEES.NS,8768,59.29,519854.72,259.92735999999996,519854.6029199995
2025-01-27,BUY,ITBEES.NS,11449,45.38,519555.62000000005,259.77781000000004,39.20510999945691
2025-02-03,SELL,ITBEES.NS,11449,45.63,522417.87000000005,261.20893500000005,522195.8661749995
2025-02-03,BUY,SILVERBEES.NS,5765,90.53,521905.45,260.952725,29.463449999515433
2025-03-03,SELL,MON100.NS,2640,187.63,495343.2,247.6716,495124.9918499995
2025-03-03,BUY,GILT5YBEES.NS,8299,59.63,494869.37,247.434685,8.18716499954462
2025-03-17,SELL,MAFANG.NS,4123,115.23,475093.29000000004,237.546645,474863.9305199996
2025-03-17,BUY,LTGILTBEES.NS,17115,27.73,474598.95,237.299475,27.681044999568257
2025-04-07,SELL,SILVERBEES.NS,5765,87.03,501727.95,250.863975,501504.7670699996
2025-04-07,BUY,BANKBEES.NS,976,513.46,501136.96,250.56848000000002,117.238589999557
2025-04-28,SELL,HNGSNGBEES.NS,1524,374.73,571088.52,285.54426,570920.2143299996
2025-04-28,BUY,SILVERBEES.NS,6125,93.16,570605.0,285.3025,29.911829999648035
2025-05-05,SELL,SILVERBEES.NS,6125,91.41,559886.25,279.943125,559636.2187049997
2025-05-05,BUY,INFRABEES.NS,610,916.29,558936.9,279.46845,419.8502549995901
2025-05-12,SELL,INFRABEES.NS,610,926.73,565305.3,282.65265000000005,565442.4976049997
2025-05-12,BUY,SILVERBEES.NS,6180,91.44,565099.2,282.5496,60.74800499971025
2025-05-19,SELL,LTGILTBEES.NS,17115,28.85,493767.75,246.88387500000002,493581.6141299997
2025-05-19,SELL,SILVERBEES.NS,6180,92.81,573565.8,286.78290000000004,1066860.6312299997
2025-05-19,SELL,GILT5YBEES.NS,8299,62.17,515948.83,257.974415,1582551.4868149997
2025-05-19,BUY,MAFANG.NS,3911,134.8,527202.8,263.6014,1055085.0854149996
2025-05-19,BUY,CPSEETF.NS,5685,92.74,527226.9,263.61345,527594.5719649997
2025-05-19,BUY,INFRABEES.NS,566,930.05,526408.2999999999,263.20414999999997,923.0678149997257
2025-06-02,SELL,INFRABEES.NS,566,923.56,522734.95999999996,261.36748,523396.6603349997
2025-06-02,SELL,MAFANG.NS,3911,135.68,530644.48,265.32224,1053775.8180949995
2025-06-02,BUY,PSUBNKBEES.NS,6620,79.54,526554.8,263.27740000000006,526957.7406949995
2025-06-02,BUY,MOM100.NS,8493,62.0,526566.0,263.283,128.45769499940798
2025-06-09,SELL,CPSEETF.NS,5685,93.8,533253.0,266.6265,533114.8311949994
2025-06-09,BUY,SILVERBEES.NS,5173,102.99,532767.27,266.383635,81.17755999939982
2025-06-16,SELL,BANKBEES.NS,976,573.98,560204.48,280.10224,560005.5553199993
2025-06-16,BUY,MID150BEES.NS,2516,222.4,559558.4,279.7792,167.37611999933142
2025-06-23,SELL,PSUBNKBEES.NS,6620,76.35,505436.99999999994,252.71849999999998,505351.65761999926
2025-06-23,SELL,MID150BEES.NS,2516,219.5,552262.0,276.13100000000003,1057337.5266199992
2025-06-23,BUY,CPSEETF.NS,5596,94.42,528374.3200000001,264.18716000000006,528699.0194599992
2025-06-23,BUY,BANKBEES.NS,919,574.88,528314.72,264.15736,120.1420999992406
2025-06-30,SELL,CPSEETF.NS,5596,94.23,527311.0800000001,263.65554000000003,527167.5665599994
2025-06-30,SELL,GOLDBEES.NS,7713,79.99,616962.87,308.481435,1143821.9551249994
2025-06-30,SELL,SILVERBEES.NS,5173,102.47,530077.3099999999,265.03865499999995,1673634.2264699992
2025-06-30,BUY,INFRABEES.NS,575,969.11,557238.25,278.619125,1116117.3573449992
2025-06-30,BUY,PSUBNKBEES.NS,6927,80.49,557554.23,278.777115,558284.3502299993
2025-06-30,BUY,MID150BEES.NS,2469,225.79,557475.51,278.737755,530.1024749992648
2025-07-07,SELL,BANKBEES.NS,919,585.55,538120.45,269.060225,538381.4922499992
2025-07-07,SELL,MID150BEES.NS,2469,225.72,557302.68,278.65134,1095405.5209099993
2025-07-07,BUY,MAFANG.NS,3594,152.28,547294.32,273.64716,547837.5537499993
2025-07-07,BUY,SILVERBEES.NS,5274,103.79,547388.4600000001,273.69423000000006,175.3995199991623
2025-07-14,SELL,INFRABEES.NS,575,954.61,548900.75,274.450375,548801.6991449991
2025-07-14,SELL,MOM100.NS,8493,63.46,538965.78,269.48289,1087497.9962549992
2025-07-14,BUY,BANKBEES.NS,929,584.64,543130.5599999999,271.56528,544095.8709749993
2025-07-14,BUY,MID150BEES.NS,2422,224.34,543351.48,271.67574,472.7152349993121
2025-07-21,SELL,BANKBEES.NS,929,586.09,544477.61,272.238805,544678.0864299993
2025-07-21,BUY,MOM100.NS,8514,63.94,544385.16,272.19258,20.73384999926202
2025-07-28,SELL,MOM100.NS,8514,61.86,526676.04,263.33802000000003,526433.4358299993
2025-07-28,SELL,MID150BEES.NS,2422,219.71,532137.62,266.06881,1058304.9870199994
2025-07-28,BUY,HNGSNGBEES.NS,1199,441.0,528759.0,264.3795,529281.6075199994
2025-07-28,BUY,MON100.NS,2580,204.99,528874.2000000001,264.43710000000004,142.97041999932844
2025-08-04,SELL,PSUBNKBEES.NS,6927,76.56,530331.12,265.16556,530208.9248599993
2025-08-04,SELL,HNGSNGBEES.NS,1199,421.89,505846.11,252.923055,1035802.1118049993
2025-08-04,BUY,GOLDBEES.NS,6219,83.23,517607.37000000005,258.80368500000003,517935.93811999925
2025-08-04,BUY,MID150BEES.NS,2353,219.9,517424.7,258.71235,252.52576999925077
2025-08-11,SELL,MID150BEES.NS,2353,215.71,507565.63,253.782815,507564.3729549993
2025-08-11,BUY,HNGSNGBEES.NS,1173,432.14,506900.22,253.45011,410.70284499932313
2025-08-18,SELL,GOLDBEES.NS,6219,82.75,514622.25,257.311125,514775.6417199993
2025-08-18,BUY,PSUBNKBEES.NS,6530,78.79,514498.70000000007,257.24935000000005,19.692369999247603
2025-08-25,SELL,PSUBNKBEES.NS,6530,77.75,507707.5,253.85375000000002,507473.33861999924
2025-08-25,SELL,MON100.NS,2580,203.4,524772.0,262.386,1031982.9526199992
2025-08-25,BUY,AUTOBEES.NS,1976,260.88,515498.88,257.74944,516226.3231799992
2025-08-25,BUY,CONSUMBEES.NS,3794,135.9,515604.60000000003,257.8023,363.92087999917567
2025-09-01,SELL,CONSUMBEES.NS,3794,135.84,515376.96,257.68848,515483.1923999992
2025-09-01,BUY,MON100.NS,2529,203.66,515056.14,257.52807,169.52432999917073
2025-09-08,SELL,MON100.NS,2529,205.28,519153.12,259.57656000000003,519063.06776999915
2025-09-08,BUY,GOLDBEES.NS,5765,89.98,518734.7,259.36735,69.00041999912355
2025-09-22,SELL,GOLDBEES.NS,5765,93.14,536952.1,268.47605,536752.624369999
2025-09-22,BUY,MON100.NS,2499,214.61,536310.39,268.155195,174.07917499903124
2025-09-29,SELL,AUTOBEES.NS,1976,271.24,535970.24,267.98512,535876.334054999
2025-09-29,BUY,GOLDBEES.NS,5585,95.9,535601.5,267.80075,7.033304999000393
2025-11-10,SELL,MAFANG.NS,3594,171.86,617664.8400000001,308.83242000000007,617363.0408849991
2025-11-10,BUY,PSUBNKBEES.NS,6630,93.06,616987.8,308.49390000000005,66.7469849990448
2025-12-15,SELL,HNGSNGBEES.NS,1173,513.08,601842.8400000001,300.92142000000007,601608.6655649991
2025-12-15,BUY,MAFANG.NS,3411,176.26,601222.86,300.61143,85.19413499906659
2025-12-22,SELL,MAFANG.NS,3411,166.86,569159.4600000001,284.57973000000004,568960.0744049991
2025-12-22,BUY,AUTOBEES.NS,1991,285.55,568530.05,284.26502500000004,145.75937999913003
2026-01-19,SELL,AUTOBEES.NS,1991,283.55,564548.05,282.27402500000005,564411.5353549991
2026-01-19,SELL,MON100.NS,2499,233.17,582691.83,291.345915,1146812.019439999
2026-01-19,BUY,HNGSNGBEES.NS,1048,546.61,572847.28,286.42364000000003,573678.3157999989
2026-01-19,BUY,ITBEES.NS,13371,42.86,573081.0599999999,286.54053,310.7152699989965
2026-01-27,SELL,ITBEES.NS,13371,42.51,568401.21,284.200605,568427.7246649989
2026-01-27,BUY,MON100.NS,2401,236.53,567908.53,283.954265,235.24039999896195
2026-02-02,SELL,MON100.NS,2401,225.44,541281.44,270.64072,541246.0396799989
2026-02-02,BUY,ITBEES.NS,12898,41.94,540942.12,270.47106,33.448619998875074
2026-02-09,SELL,ITBEES.NS,12898,39.29,506762.42,253.38121,506542.48740999884
2026-02-09,BUY,CPSEETF.NS,5068,99.88,506191.83999999997,253.09591999999998,97.55148999887751
2026-02-23,SELL,HNGSNGBEES.NS,1048,542.38,568414.24,284.20712,568227.5843699989
2026-02-23,BUY,BANKBEES.NS,899,631.6,567808.4,283.9042,135.28016999887768
2026-03-09,SELL,BANKBEES.NS,899,579.4,520880.6,260.4403,520755.43986999884
2026-03-09,BUY,PHARMABEES.NS,22120,23.53,520483.60000000003,260.2418,11.598069998784922
2026-03-23,SELL,PHARMABEES.NS,22120,22.72,502566.39999999997,251.2832,502326.71486999874
2026-03-23,BUY,GILT5YBEES.NS,7841,64.03,502059.23,251.029615,16.455254998756573
2026-03-30,SELL,PSUBNKBEES.NS,6630,87.46,579859.7999999999,289.9299,579586.3253549987
2026-03-30,BUY,PHARMABEES.NS,25407,22.8,579279.6,289.6398,17.08555499871727
2026-04-06,SELL,PHARMABEES.NS,25407,22.44,570133.0800000001,285.06654000000003,569865.0990149988
2026-04-06,BUY,MON100.NS,2351,242.18,569365.18,284.68259,215.2364249987295
2026-04-13,SELL,GILT5YBEES.NS,7841,64.47,505509.27,252.754635,505471.7517899987
2026-04-13,BUY,PSUBNKBEES.NS,5220,96.77,505139.39999999997,252.56969999999998,79.78208999877097
2026-04-20,SELL,PSUBNKBEES.NS,5220,99.28,518241.60000000003,259.12080000000003,518062.26128999883
2026-04-20,BUY,MAFANG.NS,2943,175.9,517673.7,258.83685,129.7244399987976
2026-05-11,SELL,GOLDBEES.NS,5585,123.23,688239.55,344.119775,688025.1546649989
2026-05-11,BUY,PHARMABEES.NS,27717,24.81,687658.77,343.829385,22.555279998807237
2026-05-18,SELL,CPSEETF.NS,5068,104.68,530518.24,265.25912,530275.5361599989
2026-05-18,BUY,GOLDBEES.NS,4086,129.7,529954.2,264.9771,56.359059998882
2026-06-15,SELL,GOLDBEES.NS,4086,124.11,507113.46,253.55673000000002,506916.2623299989
2026-06-15,SELL,SILVERBEES.NS,5274,238.62,1258481.8800000001,629.24094,1764768.901389999
2026-06-15,BUY,MOM100.NS,13270,66.46,881924.2,440.96209999999996,882403.7392899991
2026-06-15,BUY,JUNIORBEES.NS,1140,773.42,881698.7999999999,440.84939999999995,264.0898899992462
2026-07-06,SELL,MOM100.NS,13270,67.4,894398.0000000001,447.19900000000007,894214.8908899993
2026-07-06,BUY,MID150BEES.NS,3761,237.59,893575.99,446.787995,192.112894999329
2026-07-13,SELL,JUNIORBEES.NS,1140,779.19,888276.6000000001,444.1383000000001,888024.5745949994
2026-07-13,BUY,MOM100.NS,13052,68.0,887536.0,443.76800000000003,44.806594999390654
2026-07-27,SELL,MOM100.NS,13052,67.27,878008.0399999999,439.00401999999997,877613.8425749993
2026-07-27,BUY,JUNIORBEES.NS,1119,783.45,876680.55,438.340275,494.952299999306
